{
    "msg_travel": {
        "type": "hist",
        "pool": {
            "name": "msg_travel",
            "description": "Time taken (secs) to get here (receiver)",
            "marks": [
                0.0001,
                0.0005,
                0.001,
                0.002,
                0.004,
                0.008,
                0.01,
                0.02,
                0.04,
                0.08,
                0.1,
                0.2,
                0.4,
                0.8,
                1.0,
                2.0
            ],
            "unit": "second",
            "cat_data": {
                "server#reply:server_parent_listener:get_clients": [
                    "",
                    {
                        "count": 15,
                        "total": 0.005215167999267578,
                        "min": 0.0002219676971435547,
                        "max": 0.0004940032958984375
                    },
                    {
                        "count": 11,
                        "total": 0.007035970687866211,
                        "min": 0.0005009174346923828,
                        "max": 0.000946044921875
                    },
                    {
                        "count": 4,
                        "total": 0.00514984130859375,
                        "min": 0.0010230541229248047,
                        "max": 0.0016057491302490234
                    },
                    {
                        "count": 1,
                        "total": 0.0028290748596191406,
                        "min": 0.0028290748596191406,
                        "max": 0.0028290748596191406
                    },
                    "",
                    "",
                    "",
                    "",
                    "",
                    "",
                    "",
                    "",
                    "",
                    "",
                    "",
                    ""
                ]
            }
        }
    },
    "received_msg_counters": {
        "type": "counter",
        "pool": {
            "name": "received_msg_counters",
            "description": "Result counters of received messages",
            "counter_names": [
                "received"
            ],
            "cat_data": {
                "reply:server_parent_listener:get_clients": {
                    "received": 31
                }
            }
        }
    },
    "received_msg_sizes": {
        "type": "hist",
        "pool": {
            "name": "received_msg_sizes",
            "description": "Sizes of messages received (MBs)",
            "marks": [
                0.01,
                0.1,
                1,
                10,
                50,
                100,
                200,
                500,
                800,
                1000
            ],
            "unit": "MB",
            "cat_data": {
                "reply:server_parent_listener:get_clients": [
                    {
                        "count": 31,
                        "total": 0.00189208984375,
                        "min": 6.103515625e-05,
                        "max": 6.103515625e-05
                    },
                    "",
                    "",
                    "",
                    "",
                    "",
                    "",
                    "",
                    "",
                    "",
                    ""
                ]
            }
        }
    },
    "received_stream_counters": {
        "type": "counter",
        "pool": {
            "name": "received_stream_counters",
            "description": "Counters of received streams",
            "counter_names": [
                "received"
            ],
            "cat_data": {}
        }
    },
    "received_stream_sizes": {
        "type": "hist",
        "pool": {
            "name": "received_stream_sizes",
            "description": "Sizes of streams received (MBs)",
            "marks": [
                0.01,
                0.1,
                1,
                10,
                50,
                100,
                200,
                500,
                800,
                1000
            ],
            "unit": "MB",
            "cat_data": {}
        }
    },
    "request_processing": {
        "type": "hist",
        "pool": {
            "name": "request_processing",
            "description": "Time spent (secs) by request processing callbacks (receiver)",
            "marks": [
                0.0001,
                0.0005,
                0.001,
                0.002,
                0.004,
                0.008,
                0.01,
                0.02,
                0.04,
                0.08,
                0.1,
                0.2,
                0.4,
                0.8,
                1.0,
                2.0
            ],
            "unit": "second",
            "cat_data": {}
        }
    },
    "request_response": {
        "type": "hist",
        "pool": {
            "name": "request_response",
            "description": "Request/response time in secs (sender)",
            "marks": [
                0.0001,
                0.0005,
                0.001,
                0.002,
                0.004,
                0.008,
                0.01,
                0.02,
                0.04,
                0.08,
                0.1,
                0.2,
                0.4,
                0.8,
                1.0,
                2.0
            ],
            "unit": "second",
            "cat_data": {
                "reply:server_parent_listener:get_clients": [
                    "",
                    "",
                    {
                        "count": 4,
                        "total": 0.0035021305084228516,
                        "min": 0.00080108642578125,
                        "max": 0.0009319782257080078
                    },
                    {
                        "count": 15,
                        "total": 0.023105859756469727,
                        "min": 0.0010571479797363281,
                        "max": 0.0019457340240478516
                    },
                    {
                        "count": 8,
                        "total": 0.024567842483520508,
                        "min": 0.0023190975189208984,
                        "max": 0.0037741661071777344
                    },
                    {
                        "count": 3,
                        "total": 0.015851974487304688,
                        "min": 0.004213094711303711,
                        "max": 0.0060617923736572266
                    },
                    "",
                    "",
                    {
                        "count": 1,
                        "total": 0.03316903114318848,
                        "min": 0.03316903114318848,
                        "max": 0.03316903114318848
                    },
                    "",
                    "",
                    "",
                    "",
                    "",
                    "",
                    "",
                    ""
                ]
            }
        }
    },
    "sent_msg_counters": {
        "type": "counter",
        "pool": {
            "name": "sent_msg_counters",
            "description": "Result counters of sent messages",
            "counter_names": [
                "sent",
                "ok"
            ],
            "cat_data": {
                "req:server_parent_listener:get_clients": {
                    "sent": 31
                },
                "reply:server_parent_listener:get_clients": {
                    "ok": 31
                },
                "req:server_parent_listener:update_run_status": {
                    "sent": 1
                }
            }
        }
    },
    "sent_msg_sizes": {
        "type": "hist",
        "pool": {
            "name": "sent_msg_sizes",