{
    "msg_travel": {
        "type": "hist",
        "pool": {
            "name": "msg_travel",
            "description": "Time taken (secs) to get here (receiver)",
            "marks": [
                0.0001,
                0.0005,
                0.001,
                0.002,
                0.004,
                0.008,
                0.01,
                0.02,
                0.04,
                0.08,
                0.1,
                0.2,
                0.4,
                0.8,
                1.0,
                2.0
            ],
            "unit": "second",
            "cat_data": {
                "server#reply:server_parent_listener:get_clients": [
                    "",
                    {
                        "count": 1,
                        "total": 0.000431060791015625,
                        "min": 0.000431060791015625,
                        "max": 0.000431060791015625
                    },
                    "",
                    "",
                    "",
                    "",
                    "",
                    "",
                    "",
                    "",
                    "",
                    "",
                    "",
                    "",
                    "",
                    "",
                    ""
                ],
                "site-1.4d639126-6916-40ad-a225-c43efab19bfe#req:sm__STREAM:sm__DATA": [
                    "",
                    "",
                    {
                        "count": 9,
                        "total": 0.007796049118041992,
                        "min": 0.0007791519165039062,
                        "max": 0.0009951591491699219
                    },
                    {
                        "count": 29,
                        "total": 0.04631805419921875,
                        "min": 0.0010159015655517578,
                        "max": 0.0019142627716064453
                    },
                    {
                        "count": 32,
                        "total": 0.0976860523223877,
                        "min": 0.0020227432250976562,
                        "max": 0.003954887390136719
                    },
                    {
                        "count": 9,
                        "total": 0.049117326736450195,
                        "min": 0.004386186599731445,
                        "max": 0.007335186004638672
                    },
                    "",
                    "",
                    "",
                    "",
                    "",
                    "",
                    "",
                    "",
                    "",
                    "",
                    ""
                ]
            }
        }
    },
    "received_msg_counters": {
        "type": "counter",
        "pool": {
            "name": "received_msg_counters",
            "description": "Result counters of received messages",
            "counter_names": [
                "received",
                "no_reply:none"
            ],
            "cat_data": {
                "reply:server_parent_listener:get_clients": {
                    "received": 1
                },
                "req:sm__STREAM:sm__DATA": {
                    "received": 79,
                    "no_reply:none": 79
                }
            }
        }
    },
    "received_msg_sizes": {
        "type": "hist",
        "pool": {
            "name": "received_msg_sizes",
            "description": "Sizes of messages received (MBs)",
            "marks": [
                0.01,
                0.1,
                1,
                10,
                50,
                100,
                200,
                500,
                800,
                1000
            ],
            "unit": "MB",
            "cat_data": {
                "reply:server_parent_listener:get_clients": [
                    {
                        "count": 1,
                        "total": 0.00023746490478515625,
                        "min": 0.00023746490478515625,
                        "max": 0.00023746490478515625
                    },
                    "",
                    "",
                    "",
                    "",
                    "",
                    "",
                    "",
                    "",
                    "",
                    ""
                ],
                "req:sm__STREAM:sm__DATA": [
                    {
                        "count": 79,
                        "total": 0.03197288513183594,
                        "min": 0.0003147125244140625,
                        "max": 0.0004119873046875
                    },
                    "",
                    "",
                    "",
                    "",
                    "",
                    "",
                    "",
                    "",
                    "",
                    ""
                ]
            }
        }
    },
    "received_stream_counters": {
        "type": "counter",
        "pool": {
            "name": "received_stream_counters",
            "description": "Counters of received streams",
            "counter_names": [
                "received"
            ],
            "cat_data": {
                "stream:aux_communication:__sync_runner__": {
                    "received": 1
                },
                "stream:aux_communication:__job_heartbeat__": {
                    "received": 5
                },
                "stream:server_command:get_task": {
                    "received": 73
                }
            }
        }
    },
    "received_stream_sizes": {
        "type": "hist",
        "pool": {
            "name": "received_stream_sizes",
            "description": "Sizes of streams received (MBs)",
            "marks": [
                0.01,
                0.1,
                1,
                10,
                50,
                100,
                200,
                500,
                800,
                1000
            ],
            "unit": "MB",
            "cat_data": {
                "stream:aux_communication:__sync_runner__": [
                    {
                        "count": 1,
                        "total": 0.0003147125244140625,
                        "min": 0.0003147125244140625,
                        "max": 0.0003147125244140625
                    },
                    "",
                    "",
                    "",
                    "",
                    "",
                    "",
                    "",
                    "",
                    "",
                    ""
                ],
                "stream:aux_communication:__job_heartbeat__": [
                    {
                        "count": 5,
                        "total": 0.001583099365234375,
                        "min": 0.000316619873046875,
                        "max": 0.000316619873046875
                    },
                    "",
                    "",
                    "",
                    "",
                    "",
                    "",
                    "",
                    "",
                    "",
                    ""
                ],
                "stream:server_command:get_task": [
                    {
                        "count": 73,
                        "total": 0.0300750732421875,
                        "min": 0.0004119873046875,
                        "max": 0.0004119873046875
                    },
                    "",
                    "",
                    "",
                    "",
                    "",
                    "",
                    "",
                    "",
                    "",
                    ""
                ]
            }
        }
    },
    "request_processing": {
        "type": "hist",
        "pool": {
            "name": "request_processing",
            "description": "Time spent (secs) by request processing callbacks (receiver)",