{
    "msg_travel": {
        "type": "hist",
        "pool": {
            "name": "msg_travel",
            "description": "Time taken (secs) to get here (receiver)",
            "marks": [
                0.0001,
                0.0005,
                0.001,
                0.002,
                0.004,
                0.008,
                0.01,
                0.02,
                0.04,
                0.08,
                0.1,
                0.2,
                0.4,
                0.8,
                1.0,
                2.0
            ],
            "unit": "second",
            "cat_data": {
                "server#req:sm__STREAM:sm__DATA": [
                    "",
                    {
                        "count": 4,
                        "total": 0.0013470649719238281,
                        "min": 0.0002090930938720703,
                        "max": 0.0004820823669433594
                    },
                    {
                        "count": 21,
                        "total": 0.01546478271484375,
                        "min": 0.0005037784576416016,
                        "max": 0.0009679794311523438
                    },
                    {
                        "count": 9,
                        "total": 0.010591506958007812,
                        "min": 0.001001119613647461,
                        "max": 0.0016849040985107422
                    },
                    {
                        "count": 2,
                        "total": 0.004650592803955078,
                        "min": 0.0022437572479248047,
                        "max": 0.0024068355560302734
                    },
                    "",
                    "",
                    "",
                    "",
                    "",
                    "",
                    "",
                    "",
                    "",
                    "",
                    "",
                    ""
                ],
                "server#reply:server_parent_listener:get_clients": [
                    "",
                    {
                        "count": 1,
                        "total": 0.000202178955078125,
                        "min": 0.000202178955078125,
                        "max": 0.000202178955078125
                    },
                    "",
                    "",
                    "",
                    "",
                    "",
                    "",
                    "",
                    "",
                    "",
                    "",
                    "",
                    "",
                    "",
                    "",
                    ""
                ]
            }
        }
    },
    "received_msg_counters": {
        "type": "counter",
        "pool": {
            "name": "received_msg_counters",
            "description": "Result counters of received messages",
            "counter_names": [
                "received",
                "no_reply:none"
            ],
            "cat_data": {
                "req:sm__STREAM:sm__DATA": {
                    "received": 36,
                    "no_reply:none": 36
                },
                "reply:server_parent_listener:get_clients": {
                    "received": 1
                }
            }
        }
    },
    "received_msg_sizes": {
        "type": "hist",
        "pool": {
            "name": "received_msg_sizes",
            "description": "Sizes of messages received (MBs)",
            "marks": [
                0.01,
                0.1,
                1,
                10,
                50,
                100,
                200,
                500,
                800,
                1000
            ],
            "unit": "MB",
            "cat_data": {
                "req:sm__STREAM:sm__DATA": [
                    {
                        "count": 36,
                        "total": 0.003536224365234375,
                        "min": 9.822845458984375e-05,
                        "max": 9.822845458984375e-05
                    },
                    "",
                    "",
                    "",
                    "",
                    "",
                    "",
                    "",
                    "",
                    "",
                    ""
                ],
                "reply:server_parent_listener:get_clients": [
                    {
                        "count": 1,
                        "total": 0.00023746490478515625,
                        "min": 0.00023746490478515625,
                        "max": 0.00023746490478515625
                    },
                    "",
                    "",
                    "",
                    "",
                    "",
                    "",
                    "",
                    "",
                    "",
                    ""
                ]
            }
        }
    },
    "received_stream_counters": {
        "type": "counter",
        "pool": {
            "name": "received_stream_counters",
            "description": "Counters of received streams",
            "counter_names": [
                "received"
            ],
            "cat_data": {
                "stream:server_command:handle_dead_job": {
                    "received": 36
                }
            }
        }
    },
    "received_stream_sizes": {
        "type": "hist",
        "pool": {
            "name": "received_stream_sizes",
            "description": "Sizes of streams received (MBs)",
            "marks": [
                0.01,
                0.1,
                1,
                10,
                50,
                100,
                200,
                500,
                800,
                1000
            ],
            "unit": "MB",
            "cat_data": {
                "stream:server_command:handle_dead_job": [
                    {
                        "count": 36,
                        "total": 0.003536224365234375,
                        "min": 9.822845458984375e-05,
                        "max": 9.822845458984375e-05
                    },
                    "",
                    "",
                    "",
                    "",
                    "",
                    "",
                    "",
                    "",
                    "",
                    ""
                ]
            }
        }
    },
    "request_processing": {
        "type": "hist",
        "pool": {
            "name": "request_processing",
            "description": "Time spent (secs) by request processing callbacks (receiver)",
            "marks": [
                0.0001,
                0.0005,
                0.001,
                0.002,
                0.004,
                0.008,
                0.01,
                0.02,
                0.04,
                0.08,
                0.1,
                0.2,
                0.4,
                0.8,
                1.0,
                2.0
            ],
            "unit": "second",
            "cat_data": {
                "req:sm__STREAM:sm__DATA": [
                    {
                        "count": 5,
                        "total": 0.000388998887501657,
                        "min": 5.433295154944062e-05,
                        "max": 9.591697016730905e-05
                    },
                    {
                        "count": 29,
                        "total": 0.006629829993471503,
                        "min": 0.00012262497330084443,
                        "max": 0.0003783339634537697
                    },
                    {
                        "count": 1,
                        "total": 0.0007172500481829047,
                        "min": 0.0007172500481829047,
                        "max": 0.0007172500481829047
                    },
                    "",
                    {
                        "count": 1,
                        "total": 0.0028947910177521408,